Activity Type,Date,Distance,Calories,Time,Avg HR,Max HR,Avg Run Cadence,Max Run Cadence,Avg Pace,Best Pace,Total Ascent,Total Descent,Avg Stride Length,Avg Vertical Ratio,Best Lap Time,Number of Laps,Moving Time,Elapsed Time,Min Elevation,Max Elevation
Running,2024-02-28 17:31:40,4.01,448,00:29:01,151,172,169,187,7:14,5:30,92,79,1.32,0.0,00:02.83,5,00:28:46,00:29:50,606,651
Running,2024-02-27 17:59:37,1.60,165,00:10:37,152,171,170,187,6:39,4:43,23,13,1.43,0.0,03:48.05,2,00:10:29,00:14:04,604,631
Running,2024-02-20 16:56:48,4.01,477,00:28:26,161,179,169,185,7:05,6:09,72,46,1.35,0.0,00:03.46,5,00:28:25,00:28:26,606,654
Running,2024-02-15 17:11:05,6.04,733,00:46:14,155,168,173,183,7:39,6:54,85,56,1.22,0.0,00:18.38,7,00:46:11,00:46:14,606,652
Running,2024-02-14 07:53:37,3.02,373,00:22:20,159,175,176,185,7:23,6:48,75,39,1.24,0.0,00:08.06,4,00:22:19,00:22:20,606,667
Running,2024-02-13 07:58:07,2.01,230,00:14:09,156,176,171,193,7:02,5:19,59,20,1.34,0.0,00:03.01,3,00:14:07,00:14:15,606,663
Running,2024-02-11 14:21:25,4.01,431,00:29:30,147,162,172,185,7:21,6:42,102,82,1.27,0.0,00:05.05,5,00:29:26,00:29:30,605,667
Running,2024-02-08 17:04:49,2.01,232,00:14:58,152,170,171,183,7:27,6:52,56,13,1.27,0.0,00:03.62,3,00:14:57,00:14:58,606,664
Running,2024-02-06 07:48:54,2.01,244,00:14:30,163,178,170,189,7:14,6:03,69,26,1.31,0.0,00:02.17,3,00:14:30,00:14:30,607,672
Running,2024-02-03 10:56:43,6.43,479,00:31:43,151,165,168,189,4:56,1:05,154,102,1.95,0.0,01:17.26,7,00:31:21,00:32:16,424,494
Running,2024-01-31 08:11:46,4.01,508,00:29:48,165,183,171,231,7:26,6:09,95,59,1.27,0.0,00:04.85,5,00:29:45,00:29:48,605,657
Running,2024-01-28 13:25:11,2.01,242,00:14:57,156,171,172,183,7:25,6:22,72,23,1.26,0.0,00:05.40,3,00:14:51,00:14:57,604,678
Running,2024-01-26 07:38:27,2.01,250,00:14:58,161,175,172,185,7:26,6:17,56,30,1.26,0.0,00:05.35,3,00:14:50,00:14:58,612,656
Running,2024-01-23 08:06:30,2.01,240,00:14:42,156,171,171,183,7:19,6:36,75,46,1.29,0.0,00:02.41,3,00:14:41,00:14:42,606,658
Running,2024-01-19 14:33:58,1.24,170,00:10:20,158,172,158,189,8:20,6:29,62,33,1.22,0.0,01:40.00,2,00:10:19,00:10:20,606,663
Running,2024-01-11 07:56:01,2.01,240,00:14:01,164,182,175,193,6:58,6:27,43,20,1.32,0.0,00:03.72,3,00:13:59,00:14:01,604,640
Running,2023-12-26 10:21:34,1.64,168,00:11:15,146,168,172,187,6:51,6:14,66,26,1.36,0.0,04:07.60,2,00:11:14,00:11:15,648,710
Running,2023-12-24 12:43:16,5.01,552,00:37:37,147,167,172,183,7:31,6:33,299,167,1.25,0.0,00:02.97,6,00:37:24,00:37:48,701,850
Running,2023-12-20 07:26:13,4.02,455,00:28:37,155,171,174,187,7:07,5:52,108,49,1.3,0.0,00:05.90,5,00:28:32,00:28:43,606,685
Running,2023-12-18 07:49:50,3.03,334,00:21:30,153,171,172,186,7:06,5:09,69,36,1.32,0.0,00:09.98,4,00:21:29,00:21:30,606,667
Running,2023-12-16 11:29:06,5.01,556,00:36:37,153,167,173,189,7:18,6:13,105,69,1.27,0.0,00:03.35,6,00:36:30,00:36:45,606,655
Running,2023-12-11 07:56:56,3.01,347,00:20:47,164,182,175,187,6:54,6:00,79,36,1.33,0.0,00:03.47,4,00:20:41,00:20:56,606,671
Running,2023-12-09 09:30:31,2.30,274,00:16:16,164,175,175,191,7:04,5:29,36,49,1.3,0.0,01:53.33,3,00:16:10,00:16:19,628,655
Running,2023-12-09 09:09:11,2.80,323,00:20:57,154,170,173,185,7:29,7:09,82,39,1.25,0.0,05:57.60,3,00:20:51,00:21:08,606,659
Running,2023-12-08 07:58:50,2.01,220,00:13:59,158,181,174,191,6:58,5:45,75,23,1.33,0.0,00:02.09,3,00:13:54,00:13:59,598,654
Running,2023-12-06 07:48:43,3.05,349,00:21:12,164,184,174,187,6:57,6:07,98,62,1.33,0.0,00:17.29,4,00:21:10,00:21:19,606,677
Running,2023-12-05 17:25:38,2.01,223,00:14:23,159,176,163,241,7:09,5:46,36,7,1.38,0.0,00:04.87,3,00:14:18,00:19:05,606,650
Running,2023-11-27 17:26:25,2.26,263,00:16:14,161,176,169,187,7:12,5:03,82,23,1.32,0.0,01:37.61,3,00:16:13,00:16:14,589,656
Running,2023-11-23 11:24:53,5.51,611,00:40:59,152,170,172,185,7:26,6:44,220,177,1.26,0.0,03:36.78,6,00:40:48,00:40:59,642,804
Running,2023-11-19 13:53:16,4.01,460,00:29:13,157,181,171,195,7:17,5:05,75,49,1.29,0.0,00:04.50,5,00:29:11,00:29:20,680,726
Running,2023-11-05 09:00:26,3.04,349,00:21:50,159,179,174,187,7:11,3:24,95,46,1.32,0.0,00:07.89,4,00:21:43,00:25:22,606,663
Running,2023-11-03 17:04:11,5.02,608,00:36:16,165,183,175,185,7:14,6:30,98,75,1.27,0.0,00:05.02,6,00:36:08,00:36:18,606,654
Running,2023-10-28 07:20:02,13.22,"1,438",01:33:32,159,184,175,193,7:04,5:18,443,449,1.3,0.0,01:19.31,14,01:33:25,01:33:32,390,556
Running,2023-10-25 17:36:12,7.02,814,00:52:42,156,171,172,183,7:30,6:49,197,167,1.24,0.0,00:07.17,8,00:52:40,00:52:42,682,733
Running,2023-10-23 17:08:20,5.02,568,00:38:12,150,175,167,191,7:37,5:40,69,62,1.27,0.0,00:04.95,6,00:38:12,00:38:12,605,631
Running,2023-10-21 13:21:21,9.32,"1,113",01:08:30,161,181,176,187,7:21,6:07,266,230,1.23,0.0,02:18.02,10,01:08:17,01:08:30,678,753
Running,2023-10-21 13:20:46,0.01,--,00:00:05.4,88,90,148,148,12:41,9:25,--,--,0.86,0.0,00:05.36,1,00:00:05,00:00:05.4,692,692
Running,2023-10-20 17:43:51,4.01,452,00:28:49,155,177,175,195,7:11,5:06,95,79,1.28,0.0,00:03.58,5,00:28:47,00:28:49,678,729
Running,2023-10-18 16:36:52,7.01,829,00:52:52,156,174,170,191,7:32,5:40,213,259,1.25,0.0,00:04.72,8,00:52:44,00:53:19,627,762
Running,2023-10-15 15:52:11,10.01,"1,049",01:14:29,151,167,175,187,7:27,6:40,712,715,1.24,0.0,00:01.81,11,01:14:14,01:15:32,657,747
Running,2023-10-13 16:41:18,3.01,362,00:23:26,153,166,171,181,7:47,6:56,75,59,1.21,0.0,00:03.81,4,00:23:25,00:23:26,686,740
Running,2023-10-12 17:33:24,4.01,468,00:29:23,158,181,173,222,7:20,5:09,112,89,1.26,0.0,00:03.11,5,00:29:16,00:30:57,677,728
Running,2023-10-09 15:04:49,5.01,560,00:37:38,152,175,169,214,7:31,4:32,141,135,1.26,0.0,00:02.36,6,00:37:26,00:37:50,596,629
Running,2023-10-07 10:06:38,15.01,"1,572",01:53:59,153,175,178,209,7:36,5:59,420,371,1.19,0.0,00:04.65,16,01:53:50,01:54:58,682,755
Running,2023-10-06 16:21:46,4.02,430,00:28:28,154,187,171,193,7:05,4:56,207,220,1.32,0.0,00:06.20,5,00:28:25,00:28:28,589,636
Running,2023-10-04 18:38:23,11.01,"1,221",01:25:17,153,172,175,187,7:45,5:56,"1,158","1,152",1.19,0.0,00:04.06,12,01:25:04,01:25:38,642,740
Running,2023-10-03 18:55:45,7.01,770,00:55:04,149,169,171,185,7:51,6:32,299,266,1.2,0.0,00:04.89,8,00:55:03,00:55:04,666,734
Running,2023-10-02 19:02:48,4.01,446,00:29:44,153,171,171,185,7:25,6:18,98,89,1.27,0.0,00:04.70,5,00:29:36,00:29:48,594,626
Running,2023-09-27 16:32:16,3.01,334,00:21:41,156,170,175,188,7:13,6:20,92,92,1.28,0.0,00:02.12,4,00:21:30,00:21:52,579,617
Running,2023-09-23 11:57:21,0.27,31,00:01:56.7,159,169,166,185,7:16,7:00,7,46,1.34,0.0,01:56.65,1,00:01:56.7,00:01:56.7,954,"1,005"
Running,2023-09-23 11:18:35,4.76,572,00:38:00,154,173,175,185,7:59,5:27,292,226,1.15,0.0,05:54.78,5,00:37:59,00:38:26,846,957
Running,2023-09-22 10:41:34,12.17,"1,527",01:36:52,163,187,173,188,7:57,7:13,761,741,1.17,0.0,01:14.95,13,01:36:42,01:37:47,665,756
Running,2023-09-20 18:11:48,7.01,807,00:52:56,157,179,172,188,7:33,6:22,285,269,1.24,0.0,00:03.23,8,00:52:48,00:53:37,676,747
Running,2023-09-18 18:27:05,4.04,437,00:30:45,149,174,166,211,7:36,4:18,62,62,1.28,0.0,00:11.41,5,00:30:39,00:30:45,591,638
Running,2023-09-16 17:35:50,10.14,"1,183",01:22:49,154,181,169,181,8:10,6:46,515,499,1.16,0.0,01:05.32,11,01:22:41,01:22:49,665,748
Running,2023-09-13 17:22:36,4.01,456,00:31:11,151,162,169,225,7:47,4:25,115,79,1.22,0.0,00:01.97,5,00:31:05,00:31:11,682,730
Running,2023-09-12 16:16:15,7.01,783,00:55:46,151,169,168,177,7:57,6:47,125,118,1.2,0.0,00:02.47,8,00:55:45,00:55:46,595,635
Running,2023-09-11 18:24:23,1.28,142,00:10:23,143,159,164,172,8:05,7:02,7,7,1.21,0.0,02:27.24,2,00:10:18,00:10:23,597,611
Running,2023-09-09 12:31:52,11.01,"1,336",01:30:20,157,181,173,184,8:12,7:13,633,545,1.14,0.0,00:03.41,12,01:30:15,01:30:31,668,780
Running,2023-09-08 19:22:28,5.01,582,00:39:45,152,169,167,197,7:56,3:56,154,161,1.21,0.0,00:03.50,6,00:39:44,00:39:50,666,718
Running,2023-09-06 18:27:18,9.01,"1,067",01:09:19,159,182,171,191,7:42,6:20,328,305,1.22,0.0,00:03.76,10,01:09:15,01:09:19,682,748
Running,2023-09-05 19:45:28,4.01,455,00:32:05,149,172,168,175,8:00,7:30,180,184,1.2,0.0,00:02.94,5,00:32:00,00:32:05,671,730
Running,2023-09-04 10:18:51,5.02,584,00:39:24,154,169,168,179,7:51,6:49,141,131,1.22,0.0,00:08.24,6,00:39:22,00:39:24,594,624
Running,2023-09-02 12:07:55,9.01,"1,091",01:12:13,158,179,174,184,8:01,7:04,564,554,1.16,0.0,00:02.84,10,01:12:05,01:12:13,672,739
Running,2023-09-01 18:32:45,7.01,794,00:54:54,153,175,172,188,7:50,6:19,276,289,1.2,0.0,00:02.06,8,00:54:40,00:55:47,640,721
Running,2023-08-30 17:46:26,5.01,580,00:43:17,146,156,165,222,8:38,7:54,141,115,1.13,0.0,00:05.14,6,00:43:07,00:47:00,671,719
Running,2023-08-29 16:16:00,7.00,799,00:56:27,150,163,170,183,8:04,7:05,276,269,1.18,0.0,00:01.69,8,00:56:19,00:56:27,657,720
Running,2023-08-28 19:14:31,5.01,571,00:40:16,150,161,171,185,8:03,7:04,344,351,1.17,0.0,00:02.18,6,00:40:14,00:40:16,667,728
Running,2023-08-26 06:16:25,5.01,578,00:40:19,152,170,173,235,8:03,3:34,479,469,1.16,0.0,00:02.14,6,00:39:44,00:42:10,902,"1,028"
Running,2023-08-25 06:07:08,4.01,467,00:32:19,151,167,171,185,8:04,7:11,171,207,1.17,0.0,00:02.52,5,00:32:13,00:32:19,730,785
Running,2023-08-23 18:56:54,9.01,"1,070",01:10:15,158,181,171,183,7:48,6:39,531,512,1.21,0.0,00:02.80,10,01:10:05,01:10:15,658,724
Running,2023-08-22 18:56:39,4.01,419,00:27:31,159,187,174,199,6:52,5:30,92,85,1.34,0.0,00:01.88,5,00:27:26,00:27:31,668,717
Running,2023-08-21 20:09:23,4.01,442,00:31:04,151,168,170,185,7:45,6:29,92,98,1.22,0.0,00:02.05,5,00:30:58,00:31:04,661,710
Running,2023-08-19 10:45:00,9.00,"1,055",01:13:41,155,177,174,189,8:11,6:47,384,322,1.13,0.0,00:01.68,10,01:13:39,01:13:41,601,745
Running,2023-08-18 07:52:25,5.00,591,00:39:16,159,177,171,183,7:51,6:11,469,499,1.2,0.0,00:02.25,6,00:39:07,00:39:16,705,975
Running,2023-08-16 18:26:20,7.01,830,00:55:41,157,176,170,185,7:56,6:55,197,187,1.19,0.0,00:04.89,8,00:55:37,00:55:41,671,726
Running,2023-08-15 19:42:29,4.02,408,00:28:58,152,171,173,189,7:13,5:48,121,98,1.29,0.0,00:07.18,5,00:28:50,00:28:58,681,732
Running,2023-08-14 19:19:14,5.01,574,00:37:49,162,180,169,178,7:33,6:34,184,157,1.26,0.0,00:02.96,6,00:37:43,00:38:02,575,641
Running,2023-08-11 17:16:52,4.43,565,00:37:03,160,179,167,177,8:22,7:08,98,82,1.15,0.0,03:21.30,5,00:36:58,00:37:03,675,726
Running,2023-08-10 18:23:59,4.01,463,00:31:16,157,177,169,183,7:48,6:49,105,89,1.22,0.0,00:03.00,5,00:31:15,00:31:16,676,722
Running,2023-08-08 20:08:53,3.57,394,00:27:44,153,172,168,187,7:46,3:56,112,108,1.23,0.0,04:00.09,4,00:27:43,00:27:44,648,719
Running,2023-08-07 19:06:02,2.07,215,00:16:10,145,168,163,173,7:49,7:03,16,10,1.26,0.0,00:28.21,3,00:16:06,00:16:10,604,618
Running,2023-07-30 17:47:48,9.03,"1,097",01:15:37,159,180,172,185,8:23,7:29,351,331,1.12,0.0,00:10.04,10,01:15:31,01:15:37,665,739
Running,2023-07-28 09:45:57,3.01,343,00:22:44,162,180,174,240,7:33,4:57,98,102,1.22,0.0,00:02.75,4,00:22:41,00:22:44,671,716
Running,2023-07-25 17:38:43,6.14,707,00:52:23,151,166,167,177,8:32,7:11,148,144,1.13,0.0,01:07.11,7,00:52:22,00:52:30,673,721
Running,2023-07-24 17:32:33,7.00,804,00:55:01,161,183,172,185,7:51,6:40,361,338,1.19,0.0,00:01.75,8,00:54:57,00:55:01,666,726
Running,2023-07-23 09:07:10,5.82,734,00:51:29,156,177,170,181,8:51,7:54,384,404,1.07,0.0,06:44.99,6,00:51:21,00:51:29,667,739
Running,2023-07-22 19:16:23,3.54,463,00:31:20,157,169,168,181,8:51,7:54,128,118,1.08,0.0,04:31.88,4,00:31:12,00:31:20,673,728
Running,2023-07-20 17:40:34,7.00,848,00:56:49,160,179,171,183,8:07,6:50,292,279,1.16,0.0,00:01.58,8,00:56:43,00:56:49,675,738
Running,2023-07-16 09:25:43,4.51,529,00:35:45,157,177,175,186,7:56,6:39,348,354,1.16,0.0,03:28.79,5,00:35:42,00:35:45,663,726
Running,2023-07-15 17:07:01,4.51,587,00:39:24,158,169,172,179,8:44,7:17,272,285,1.07,0.0,04:17.94,5,00:39:14,00:39:24,672,726
Running,2023-07-11 16:45:28,3.51,368,00:24:03,164,185,179,193,6:51,6:05,98,79,1.32,0.0,03:10.75,4,00:23:52,00:24:03,680,729
Running,2023-07-10 19:06:27,4.00,472,00:32:45,155,166,168,177,8:11,7:26,125,95,1.17,0.0,00:02.21,5,00:32:37,00:32:45,677,722
Running,2023-07-08 08:39:56,7.01,850,00:58:52,156,179,173,226,8:24,0:59,505,479,1.11,0.0,00:02.43,8,00:58:51,00:58:52,662,739
Running,2023-07-07 18:24:09,5.01,608,00:42:18,155,173,171,179,8:27,7:25,184,167,1.11,0.0,00:02.85,6,00:42:16,00:42:18,627,684
Running,2023-07-05 18:17:55,7.01,882,00:58:32,160,176,171,183,8:21,7:21,571,551,1.13,0.0,00:02.65,8,00:58:25,00:58:32,657,733
Running,2023-07-04 11:25:53,3.01,357,00:23:09,162,180,178,189,7:42,6:51,135,128,1.17,0.0,00:02.11,4,00:23:08,00:23:09,677,727
Running,2023-07-03 17:51:50,4.51,523,00:36:39,154,174,167,199,8:08,5:01,190,151,1.19,0.0,03:42.18,5,00:36:37,00:36:39,687,746
Running,2023-06-28 18:14:45,7.01,892,00:57:21,164,184,169,185,8:11,7:02,207,194,1.16,0.0,00:03.81,8,00:57:18,00:57:21,673,726
Running,2023-06-26 18:11:40,5.01,599,00:39:21,159,180,169,182,7:52,6:36,135,128,1.21,0.0,00:02.14,6,00:39:18,00:39:21,684,734
Running,2023-06-23 18:08:51,3.39,399,00:27:39,152,166,170,181,8:09,7:08,102,92,1.16,0.0,03:04.33,4,00:27:37,00:27:39,670,718
Running,2023-06-22 18:10:42,5.01,569,00:38:31,157,178,173,185,7:41,6:36,220,190,1.21,0.0,00:04.69,6,00:38:25,00:38:31,696,743
Running,2023-06-19 15:40:14,4.01,457,00:31:23,155,173,176,191,7:50,6:51,13,13,1.17,0.0,00:02.53,5,00:31:17,00:31:23,598,612
Running,2023-06-17 12:26:29,9.01,"1,053",01:13:56,156,183,176,198,8:12,6:12,285,325,1.12,0.0,00:04.20,10,01:13:54,01:13:56,619,690
Running,2023-06-15 17:44:27,7.00,816,00:56:24,157,174,174,184,8:03,7:04,253,233,1.15,0.0,00:01.96,8,00:56:14,00:56:24,691,773
Running,2023-06-14 17:42:34,5.01,587,00:39:08,161,182,172,183,7:49,5:19,269,220,1.2,0.0,00:02.58,6,00:38:47,00:39:08,686,745
Running,2023-06-12 18:23:47,4.01,433,00:29:31,160,178,175,189,7:22,6:17,108,75,1.25,0.0,00:03.17,5,00:29:28,00:29:31,665,716
Running,2023-06-10 18:35:04,4.00,501,00:35:07,155,169,173,183,8:46,7:50,105,102,1.06,0.0,00:02.23,5,00:34:59,00:35:07,675,728
Running,2023-06-09 17:06:54,4.00,490,00:32:44,162,178,171,181,8:10,7:07,39,36,1.15,0.0,00:01.77,5,00:32:38,00:32:44,598,618
Running,2023-06-07 17:50:04,7.01,861,00:56:40,161,182,172,191,8:05,6:24,190,167,1.15,0.0,00:02.40,8,00:56:38,00:56:40,687,740
Running,2023-06-05 17:57:30,4.01,447,00:31:18,154,175,171,183,7:48,6:04,7,13,1.21,0.0,00:03.85,5,00:31:18,00:31:18,594,607
Running,2023-06-03 12:03:35,7.00,917,00:58:39,167,188,176,188,8:22,6:57,190,161,1.09,0.0,00:01.31,8,00:58:30,00:58:39,683,747
Running,2023-06-02 17:43:18,3.01,380,00:24:07,164,184,169,181,8:01,7:18,36,30,1.19,0.0,00:05.11,4,00:24:05,00:24:07,602,623
Running,2023-05-31 16:58:54,5.01,611,00:40:59,163,181,170,181,8:11,7:23,26,23,1.16,0.0,00:03.11,6,00:40:54,00:40:59,601,617
Running,2023-05-30 18:24:15,3.01,344,00:23:25,159,172,165,173,7:47,6:55,23,30,1.25,0.0,00:02.89,4,00:23:01,00:23:25,599,619
Running,2023-05-28 15:52:42,4.19,505,00:32:17,167,191,178,193,7:42,6:13,56,52,1.18,0.0,01:12.67,5,00:32:01,00:32:17,598,617
Running,2023-05-25 17:17:03,1.18,133,00:08:52.7,159,178,171,182,7:31,6:24,7,7,1.25,0.0,01:17.54,2,00:08:47.5,00:08:52.7,601,613
Running,2023-05-24 17:40:59,2.02,234,00:14:52,167,182,174,186,7:22,6:22,26,16,1.26,0.0,00:06.78,3,00:14:48,00:14:52,603,623
Running,2023-05-23 18:00:04,4.01,482,00:29:13,173,187,172,181,7:17,4:05,39,20,1.28,0.0,00:03.29,5,00:29:12,00:29:13,603,630
Running,2023-05-21 12:41:09,2.01,259,00:15:34,173,187,168,177,7:44,6:43,16,13,1.24,0.0,00:03.98,3,00:15:29,00:15:34,598,615
Running,2023-05-11 17:53:13,3.03,344,00:22:14,161,186,172,181,7:20,6:13,30,23,1.28,0.0,00:11.75,4,00:22:09,00:22:14,606,623
Running,2023-05-09 19:24:34,2.36,282,00:17:28,165,179,171,181,7:24,6:28,26,13,1.27,0.0,02:25.24,3,00:17:24,00:17:28,604,621
Running,2023-05-02 17:16:41,2.01,220,00:13:58,162,177,173,188,6:57,5:45,23,26,1.33,0.0,00:02.04,3,00:13:45,00:13:58,600,616
Running,2023-04-28 17:45:09,2.01,233,00:14:55,162,184,171,181,7:26,6:36,20,16,1.27,0.0,00:03.07,3,00:14:46,00:14:55,600,617
Running,2023-04-25 16:36:40,2.01,215,00:13:54,161,181,175,183,6:56,6:19,26,13,1.33,0.0,00:03.03,3,00:13:49,00:13:54,606,624
Running,2023-04-20 18:04:38,4.01,491,00:29:57,168,184,172,181,7:29,6:37,36,23,1.25,0.0,00:02.15,5,00:29:56,00:29:57,600,625
Running,2023-04-19 17:46:13,2.01,229,00:13:31,172,191,178,191,6:44,6:09,23,23,1.34,0.0,00:02.24,3,00:13:24,00:13:31,602,614
Running,2023-04-18 18:23:08,3.20,365,00:22:22,165,192,175,202,6:59,5:12,30,16,1.32,0.0,01:06.03,4,00:22:17,00:22:22,605,623
Running,2023-04-17 18:05:28,3.01,376,00:22:56,166,182,173,187,7:38,6:41,30,7,1.22,0.0,00:03.09,4,00:22:56,00:22:56,531,564
Running,2023-04-11 17:45:56,2.01,225,00:14:38,156,179,169,177,7:16,6:45,20,7,1.31,0.0,00:03.46,3,00:14:32,00:14:38,606,622
Running,2023-03-28 17:14:12,2.50,277,00:18:44,152,164,168,182,7:30,6:31,66,39,1.27,0.0,03:33.49,3,00:18:40,00:18:44,606,636
Running,2023-03-26 14:52:51,2.01,197,00:14:08,145,158,173,187,7:02,6:14,13,10,1.32,0.0,00:02.51,3,00:14:02,00:14:08,602,616
Running,2023-03-23 17:54:04,2.03,238,00:14:10,169,191,173,187,6:59,6:12,7,--,1.33,0.0,00:10.00,3,00:14:02,00:14:10,712,724
Running,2023-01-13 09:41:31,1.58,169,00:11:15,153,172,177,189,7:06,6:43,56,26,1.28,0.0,04:05.48,2,00:11:14,00:11:15,646,715
Running,2023-01-10 15:48:18,3.17,344,00:22:16,158,169,175,189,7:01,6:24,105,108,1.31,0.0,01:06.32,4,00:22:14,00:22:16,623,688
Running,2023-01-09 15:33:10,2.51,237,00:17:11,146,174,176,195,6:51,6:19,98,62,1.34,0.0,03:20.15,3,00:17:10,00:25:09,638,707
Running,2023-01-04 14:59:40,2.01,220,00:13:18,171,189,176,193,6:38,5:58,66,69,1.38,0.0,00:02.25,3,00:13:18,00:13:18,631,701
Running,2022-12-18 13:35:17,3.14,302,00:23:25,141,163,167,236,7:28,6:16,59,16,1.29,0.0,01:10.45,4,00:23:10,00:28:08,314,383
Running,2022-12-08 13:29:58,2.01,191,00:13:24,149,163,177,189,6:40,5:58,167,121,1.36,0.0,00:03.06,3,00:13:20,00:13:24,"1,161","1,220"
Running,2022-12-01 15:18:17,4.01,420,00:29:16,152,169,177,191,7:18,6:25,154,115,1.24,0.0,00:02.36,5,00:29:02,00:29:35,"1,127","1,175"
Running,2022-11-30 16:30:12,2.04,212,00:14:55,151,168,172,238,7:18,3:30,69,43,1.28,0.0,00:07.33,4,00:14:46,00:24:20,"1,127","1,172"
Running,2022-11-27 14:31:00,4.52,516,00:34:51,164,187,167,236,7:43,3:21,131,118,1.27,0.0,00:03.04,9,00:34:06,00:42:17,"1,121","1,172"
Running,2022-11-25 14:44:10,3.07,289,00:19:47,160,179,174,227,6:26,4:14,108,125,1.44,0.0,00:17.39,4,00:19:29,00:30:57,619,694
Running,2022-11-24 09:19:49,0.29,16,00:01:24.4,135,161,182,204,4:53,4:33,--,7,1.81,0.0,01:24.40,1,00:01:19,00:01:24.4,665,682
Running,2022-11-21 15:46:01,4.01,437,00:28:16,164,178,176,188,7:03,5:59,112,98,1.3,0.0,00:04.39,5,00:28:14,00:28:16,"1,119","1,178"
Running,2022-11-19 13:34:17,2.01,219,00:15:03,155,176,173,183,7:30,6:50,79,43,1.24,0.0,00:02.11,3,00:14:57,00:15:03,"1,124","1,171"
Running,2022-11-10 16:14:31,6.01,716,00:44:43,170,189,175,236,7:27,6:15,141,131,1.23,0.0,00:01.83,7,00:44:42,00:44:43,"1,100","1,154"
Running,2022-11-09 16:48:45,2.01,202,00:12:55,169,186,180,191,6:25,6:01,49,43,1.39,0.0,00:02.75,3,00:12:55,00:12:55,"1,111","1,162"
Running,2022-11-07 15:17:39,4.01,451,00:29:08,166,182,171,181,7:16,6:46,108,82,1.29,0.0,00:02.04,5,00:29:06,00:29:08,"1,116","1,157"
Running,2022-11-03 14:06:46,4.01,452,00:28:29,168,188,177,187,7:06,6:30,144,115,1.28,0.0,00:03.19,5,00:28:20,00:28:29,"1,112","1,163"
Running,2022-10-31 17:22:42,2.34,264,00:17:50,157,170,173,222,7:37,6:13,69,56,1.22,0.0,02:34.26,3,00:17:45,00:17:50,"1,110","1,153"
Running,2022-10-14 16:33:17,3.50,387,00:25:07,164,186,173,183,7:10,5:00,95,92,1.29,0.0,03:31.04,4,00:25:05,00:25:07,"1,108","1,160"
Running,2022-09-23 17:37:53,3.57,398,00:26:34,161,176,172,183,7:26,6:28,102,89,1.26,0.0,03:59.51,4,00:26:26,00:26:34,"1,121","1,166"
Running,2022-09-21 17:41:48,4.01,468,00:29:37,169,182,171,181,7:23,6:48,72,89,1.27,0.0,00:02.70,5,00:29:35,00:29:37,"1,103","1,146"
Running,2022-09-15 16:42:15,4.01,465,00:29:50,167,188,177,188,7:26,6:23,112,112,1.22,0.0,00:03.04,5,00:29:50,00:29:50,"1,103","1,157"
Running,2022-09-14 11:47:33,2.00,220,00:14:05,168,189,175,225,7:02,6:26,46,43,1.3,0.0,00:01.61,3,00:14:04,00:14:05,"1,112","1,152"
Running,2022-09-09 13:43:32,2.00,225,00:14:29,166,185,179,238,7:13,6:22,46,52,1.24,0.0,00:01.43,3,00:14:28,00:14:29,"1,107","1,152"
Running,2022-09-04 18:34:37,4.00,448,00:28:37,168,183,174,185,7:09,6:33,115,95,1.29,0.0,00:01.55,5,00:28:31,00:28:37,"1,111","1,157"
Running,2022-08-30 15:53:25,2.00,213,00:13:57,166,182,174,183,6:57,6:01,46,46,1.33,0.0,00:01.59,3,00:13:56,00:13:57,"1,105","1,152"
Running,2022-08-28 15:38:47,3.50,401,00:25:31,170,186,177,185,7:17,6:32,95,108,1.25,0.0,03:27.31,4,00:25:27,00:25:31,"1,098","1,147"
Running,2022-08-25 17:34:16,5.30,627,00:40:42,166,182,172,183,7:41,6:54,177,171,1.22,0.0,02:07.64,6,00:40:41,00:40:42,"1,100","1,154"
Running,2022-08-23 18:58:26,3.01,332,00:21:49,164,175,172,228,7:15,6:37,66,85,1.29,0.0,00:01.47,4,00:21:48,00:21:49,"1,108","1,149"
Running,2022-08-22 12:18:35,2.01,208,00:13:58,162,180,172,225,6:58,6:23,43,46,1.34,0.0,00:01.73,3,00:13:58,00:13:58,"1,107","1,155"
Running,2022-08-17 12:31:32,3.51,405,00:26:14,168,180,174,185,7:28,6:46,92,92,1.24,0.0,03:42.99,4,00:26:10,00:26:14,"1,108","1,150"
Running,2022-08-16 16:26:07,3.50,378,00:25:47,161,180,171,185,7:22,6:32,95,98,1.28,0.0,03:34.63,4,00:25:37,00:26:06,"1,106","1,152"
Running,2022-08-13 18:26:29,3.17,360,00:23:38,165,181,171,195,7:28,5:48,92,102,1.26,0.0,01:00.74,4,00:23:34,00:23:38,622,679
Running,2022-08-12 17:55:38,3.18,339,00:22:24,166,185,174,191,7:03,6:05,108,121,1.31,0.0,01:04.33,4,00:22:19,00:22:24,619,684
Running,2022-08-09 17:12:52,3.16,350,00:22:28,170,181,176,187,7:07,6:30,92,105,1.28,0.0,01:03.87,4,00:22:22,00:22:28,614,679
Running,2022-08-08 17:21:17,0.43,27,00:02:17.6,140,159,174,200,5:18,4:52,46,--,1.75,0.0,02:17.59,1,00:02:12,00:04:40.2,621,673
Running,2022-08-05 15:10:24,4.29,500,00:31:39,170,189,173,184,7:23,6:39,115,161,1.26,0.0,01:57.58,5,00:31:37,00:31:39,623,683
Running,2022-08-03 16:07:36,2.01,203,00:13:09,168,191,177,190,6:33,5:38,56,79,1.39,0.0,00:02.20,3,00:12:46,00:13:09,621,683
Running,2022-08-02 16:26:57,3.15,355,00:22:34,169,188,173,183,7:09,6:15,98,108,1.3,0.0,00:56.54,4,00:22:34,00:22:34,620,679
Running,2022-08-01 16:19:04,3.12,365,00:22:54,170,185,171,181,7:20,6:24,98,112,1.28,0.0,00:47.40,4,00:22:53,00:23:36,620,682
Running,2022-07-29 15:35:42,3.23,367,00:22:25,174,188,175,184,6:56,6:21,115,121,1.33,0.0,01:34.88,4,00:22:24,00:22:25,575,636
Running,2022-07-27 15:59:53,1.56,181,00:11:06,173,184,171,181,7:07,6:25,46,56,1.33,0.0,03:55.98,2,00:10:59,00:11:06,560,623
Running,2022-07-14 18:07:10,3.36,369,00:23:30,167,184,175,187,6:59,6:14,112,108,1.31,0.0,02:17.64,4,00:23:25,00:23:30,736,764
Running,2022-07-12 17:23:44,2.59,273,00:17:47,164,180,176,185,6:53,6:08,82,79,1.33,0.0,03:56.40,3,00:17:41,00:17:47,738,761
Running,2022-07-11 15:36:42,2.01,200,00:12:31,171,191,177,189,6:13,5:34,62,66,1.46,0.0,00:03.93,3,00:12:29,00:12:31,736,763
Running,2022-07-10 18:20:38,1.57,158,00:10:36,161,176,172,183,6:45,6:22,49,59,1.39,0.0,03:54.87,2,00:10:33,00:10:36,620,678
Running,2022-07-08 16:06:29,1.57,178,00:11:21,169,183,169,230,7:15,6:31,43,52,1.32,0.0,03:58.53,2,00:11:20,00:11:21,619,678
Running,2022-07-05 18:19:04,1.58,174,00:11:33,160,179,168,183,7:19,6:01,46,52,1.31,0.0,04:14.96,2,00:11:26,00:11:33,624,682
Running,2022-07-02 16:12:27,3.06,373,00:23:59,164,180,169,197,7:51,3:55,102,112,1.22,0.0,00:15.87,4,00:23:58,00:24:02,617,678
Running,2022-07-01 18:11:30,2.01,230,00:13:53,174,187,174,241,6:55,6:06,52,89,1.34,0.0,00:02.16,3,00:13:53,00:13:53,608,680
Running,2022-06-11 18:06:35,1.58,170,00:10:40,168,182,175,187,6:46,6:18,46,56,1.36,0.0,03:51.45,2,00:10:39,00:10:40,618,678
Running,2022-06-08 17:17:37,1.58,158,00:10:28,161,181,178,195,6:39,5:53,56,62,1.37,0.0,03:45.09,2,00:10:20,00:10:28,615,678
Running,2022-06-07 16:09:48,3.15,341,00:21:33,168,184,176,195,6:50,5:45,98,141,1.34,0.0,00:52.15,4,00:21:33,00:21:33,585,678
Running,2022-06-05 14:04:02,3.17,377,00:23:38,168,186,171,185,7:27,6:49,102,108,1.26,0.0,01:08.83,4,00:23:35,00:23:38,618,680
Running,2022-06-03 16:52:43,1.71,188,00:12:18,161,173,172,181,7:12,6:46,52,66,1.3,0.0,05:07.81,2,00:12:18,00:12:18,622,680
Running,2022-06-02 15:53:04,1.57,171,00:11:03,163,179,173,247,7:02,6:22,52,49,1.32,0.0,00:22.60,3,00:11:03,00:11:03,627,686
Running,2022-05-23 18:25:05,1.58,152,00:10:11,159,176,176,198,6:26,5:37,56,59,1.42,0.0,03:32.13,2,00:10:11,00:10:11,621,682
Running,2022-05-21 14:51:46,3.15,337,00:21:49,166,190,177,190,6:55,6:17,108,98,1.32,0.0,00:56.69,4,00:21:14,00:21:54,621,682
Running,2022-05-20 15:40:45,3.16,369,00:23:23,168,185,172,185,7:25,6:27,108,115,1.26,0.0,01:02.10,4,00:23:23,00:23:23,616,679
Running,2022-05-19 17:18:13,2.25,253,00:15:35,172,190,173,190,6:55,5:56,69,79,1.34,0.0,01:33.84,3,00:15:33,00:15:35,617,680
Running,2022-05-18 16:04:08,1.58,172,00:10:51,166,184,175,246,6:53,6:05,49,56,1.34,0.0,03:58.48,2,00:10:51,00:10:51,615,680
Running,2022-05-15 17:16:19,1.59,177,00:11:18,165,178,172,183,7:06,6:34,46,39,1.32,0.0,04:15.70,2,00:11:18,00:11:18,634,689
Running,2022-05-03 12:18:14,2.01,226,00:14:35,162,173,176,187,7:16,6:50,92,92,1.26,0.0,00:02.16,3,00:14:29,00:14:35,"1,097","1,146"
Running,2022-05-02 14:18:58,2.01,208,00:13:06,167,194,178,195,6:31,5:30,56,66,1.39,0.0,00:02.71,3,00:13:01,00:13:06,"1,102","1,149"
Running,2022-04-30 17:17:40,2.01,206,00:13:08,166,189,173,187,6:32,5:40,39,36,1.42,0.0,00:02.11,3,00:12:57,00:13:24,"1,106","1,151"
Running,2022-04-28 15:22:37,4.01,465,00:28:55,169,183,176,185,7:13,6:35,118,92,1.27,0.0,00:02.68,5,00:28:49,00:28:55,"1,115","1,163"
Running,2022-04-27 18:13:44,2.01,184,00:12:54,154,173,177,193,6:25,5:46,56,43,1.42,0.0,00:04.83,3,00:12:51,00:14:40,"1,112","1,162"
Running,2022-04-25 12:08:12,2.00,232,00:14:01,173,185,174,190,7:00,5:51,69,62,1.32,0.0,00:00.96,3,00:14:01,00:14:01,"1,106","1,154"
Running,2022-04-23 18:50:40,2.01,222,00:14:00,167,182,174,188,6:59,5:28,46,43,1.33,0.0,00:01.92,3,00:13:58,00:14:00,"1,110","1,154"
Running,2022-04-22 17:07:43,1.80,207,00:12:34,172,184,173,237,6:58,5:53,52,43,1.34,0.0,05:21.88,2,00:12:33,00:12:34,"1,110","1,152"
Running,2022-04-13 17:18:22,1.77,199,00:12:09,169,180,174,193,6:51,6:03,46,43,1.35,0.0,05:21.01,2,00:12:08,00:12:09,"1,109","1,157"
Running,2022-04-07 14:53:50,1.61,167,00:10:50,160,175,175,183,6:44,5:54,56,43,1.37,0.0,04:16.70,2,00:10:49,00:11:13,"1,112","1,165"
Running,2022-04-04 14:50:28,1.74,174,00:12:12,151,176,167,185,6:59,6:28,56,30,1.38,0.0,04:54.95,2,00:12:00,00:12:49,"1,121","1,153"
Running,2022-04-03 14:20:41,4.01,450,00:28:03,167,181,174,183,6:59,6:12,112,95,1.32,0.0,00:03.77,5,00:28:02,00:28:03,"1,114","1,167"
Running,2022-03-22 15:46:43,2.01,220,00:13:51,166,183,174,187,6:54,6:08,72,56,1.34,0.0,00:01.82,3,00:13:47,00:14:14,"1,110","1,156"
Running,2022-03-21 13:47:23,2.01,214,00:13:39,165,184,172,189,6:48,5:35,66,46,1.38,0.0,00:02.68,3,00:13:38,00:13:39,"1,116","1,157"
Running,2022-03-20 14:57:52,2.01,219,00:14:13,163,176,169,183,7:05,6:06,59,52,1.34,0.0,00:01.79,3,00:14:08,00:14:13,"1,113","1,164"
Running,2022-03-10 13:25:36,2.01,227,00:14:51,162,182,168,175,7:24,6:31,56,43,1.29,0.0,00:02.21,3,00:14:50,00:14:51,"1,114","1,163"
Running,2022-02-15 15:08:39,3.55,403,00:25:21,167,182,171,188,7:09,6:33,105,105,1.32,0.0,03:47.21,4,00:25:20,00:25:21,"1,110","1,161"
Running,2022-01-31 14:42:19,1.79,209,00:12:57,167,183,171,226,7:14,5:09,62,46,1.3,0.0,05:40.05,2,00:12:56,00:12:57,"1,116","1,157"
Running,2022-01-29 14:51:28,2.01,235,00:14:11,172,186,174,183,7:04,6:50,59,98,1.31,0.0,00:02.31,3,00:14:10,00:14:11,"1,056","1,129"
Running,2022-01-03 16:21:11,6.28,708,00:45:41,163,181,176,205,7:17,4:52,236,226,1.25,0.0,01:42.38,7,00:45:31,00:45:57,640,783
Running,2022-01-01 12:50:26,1.63,198,00:11:40,174,193,170,183,7:10,5:53,157,151,1.32,0.0,04:44.03,2,00:11:39,00:12:10,"1,094","1,161"
Running,2021-12-27 16:12:21,1.58,171,00:10:56,162,184,170,183,6:54,6:09,59,56,1.37,0.0,03:52.12,2,00:10:54,00:10:56,703,767
Running,2021-12-26 14:29:16,1.01,77,00:05:45.0,145,165,178,222,5:42,4:54,30,13,1.58,0.0,00:01.76,2,00:05:39.8,00:07:48.4,719,756
Running,2021-12-23 15:00:44,2.03,215,00:13:37,164,184,174,187,6:43,6:17,66,69,1.38,0.0,00:11.63,3,00:13:37,00:13:37,738,759
Running,2021-12-22 14:10:36,1.36,127,00:09:30.6,142,160,169,179,6:58,6:16,52,49,1.37,0.0,02:21.05,2,00:09:30.6,00:09:30.6,745,775
Running,2021-12-21 10:08:32,1.35,143,00:09:23.9,160,179,166,178,6:58,6:28,52,46,1.39,0.0,02:22.88,2,00:09:14.9,00:09:23.9,745,776
Running,2021-12-18 12:58:35,1.38,139,00:09:40.8,153,174,166,181,7:01,6:13,33,36,1.38,0.0,02:32.85,2,00:09:40.8,00:21:20,"1,110","1,152"
Running,2021-12-16 15:08:55,2.01,222,00:14:18,164,187,168,181,7:08,6:13,62,66,1.35,0.0,00:01.74,3,00:14:09,00:14:18,"1,539","1,587"
Running,2021-11-12 16:02:14,3.57,401,00:25:11,167,182,170,179,7:04,6:20,105,89,1.34,0.0,03:50.82,4,00:25:10,00:25:11,"1,115","1,165"
Running,2021-11-11 11:07:46,1.86,204,00:13:04,163,174,173,183,7:02,6:33,66,56,1.32,0.0,06:05.25,2,00:13:04,00:13:04,"1,113","1,157"
Running,2021-11-09 11:45:15,1.78,198,00:12:08,170,195,172,185,6:48,6:02,49,33,1.38,0.0,05:05.11,2,00:12:07,00:12:08,"1,119","1,157"
Running,2021-10-17 10:27:40,3.18,349,00:24:22,155,187,170,183,7:40,6:47,200,194,1.23,0.0,01:24.12,4,00:24:19,00:51:28,838,928
Running,2021-10-16 11:10:16,1.12,138,00:08:20.0,173,181,166,179,7:25,6:32,148,82,1.31,0.0,00:53.81,2,00:08:17.8,00:08:45.7,860,"1,012"
Running,2021-10-16 10:37:21,4.00,465,00:29:37,164,194,170,181,7:24,5:46,236,285,1.28,0.0,07:10.98,4,00:29:34,00:32:36,844,944
Running,2021-10-15 16:13:17,2.01,224,00:14:15,162,178,169,178,7:06,6:09,56,52,1.34,0.0,00:02.49,3,00:14:14,00:14:15,"1,100","1,144"
Running,2021-10-14 18:00:00,4.01,444,00:26:59,169,188,175,191,6:44,5:24,95,98,1.36,0.0,00:01.88,5,00:26:57,00:26:59,"1,106","1,154"
Running,2021-10-12 15:26:36,2.12,235,00:15:02,159,185,168,183,7:06,5:44,85,59,1.35,0.0,00:40.56,3,00:15:01,00:15:02,"1,106","1,154"
Running,2021-10-11 13:55:44,1.54,166,00:10:25,164,187,172,220,6:45,6:04,390,36,1.38,0.0,03:37.84,2,00:10:24,00:10:25,"1,129","1,505"
Running,2021-10-08 13:24:10,2.01,229,00:14:28,161,176,166,177,7:13,5:58,52,72,1.34,0.0,00:02.31,3,00:14:26,00:14:28,"1,107","1,153"
Running,2021-10-07 15:35:39,3.31,409,00:23:57,169,182,167,179,7:14,6:36,115,112,1.33,0.0,02:11.91,4,00:23:55,00:23:57,"1,099","1,150"
Running,2021-09-20 18:03:04,4.01,446,00:27:27,159,168,178,186,6:51,6:27,118,102,1.32,0.0,00:02.12,5,00:27:19,00:27:27,"1,112","1,160"
Running,2021-09-18 17:17:27,10.01,"1,137",01:11:08,160,168,183,189,7:06,6:43,791,830,1.24,0.0,00:02.74,11,01:11:00,01:11:08,"1,049","1,157"
Running,2021-09-17 15:45:16,3.95,421,00:25:30,165,176,179,215,6:27,4:04,240,315,1.39,0.0,00:05.68,14,00:24:46,00:32:54,"1,053","1,152"
Running,2021-09-17 15:17:16,3.28,323,00:20:36,159,176,181,200,6:17,4:48,79,112,1.41,0.0,00:03.64,6,00:20:13,00:26:09,"1,104","1,146"
Running,2021-09-16 09:33:19,4.00,446,00:27:18,161,169,183,191,6:49,6:28,194,220,1.29,0.0,00:01.95,5,00:27:17,00:27:18,"1,100","1,152"
Running,2021-09-14 17:23:40,7.12,770,00:47:59,162,179,180,235,6:45,3:52,407,430,1.32,0.0,00:27.75,18,00:47:49,00:51:03,"1,073","1,168"
Running,2021-09-13 09:42:00,4.01,452,00:27:46,162,170,180,186,6:56,6:35,266,266,1.29,0.0,00:02.22,5,00:27:44,00:27:46,"1,106","1,167"
Running,2021-09-12 16:33:25,8.01,860,00:55:00,159,172,181,191,6:52,6:14,768,751,1.3,0.0,00:01.71,9,00:54:54,00:55:00,"1,093","1,159"
Running,2021-09-11 10:33:50,8.34,923,01:00:24,163,179,178,215,7:14,4:34,312,328,1.24,0.0,00:11.46,29,00:59:56,01:13:10,"1,110","1,163"
Running,2021-09-10 17:57:33,4.01,432,00:27:10,162,173,175,181,6:47,6:24,148,223,1.35,0.0,00:01.95,5,00:27:09,00:27:10,"1,099","1,152"
Running,2021-09-08 11:44:57,5.41,597,00:37:52,161,171,176,183,7:00,6:03,574,581,1.31,0.0,02:48.50,6,00:37:50,00:38:29,"1,096","1,154"
Running,2021-09-07 11:00:40,7.01,811,00:50:29,167,183,175,227,7:12,3:53,344,318,1.28,0.0,00:14.21,32,00:50:10,00:56:32,"1,081","1,165"
Running,2021-09-06 19:37:45,6.01,654,00:40:26,165,177,177,243,6:44,5:44,262,299,1.35,0.0,00:01.75,7,00:40:25,00:40:26,"1,079","1,172"
Running,2021-09-05 16:27:42,7.01,791,00:47:56,168,185,177,183,6:50,6:17,522,541,1.33,0.0,00:02.60,8,00:47:55,00:47:56,"1,082","1,156"
Running,2021-09-04 10:36:06,6.63,717,00:47:07,163,184,172,227,7:06,3:40,276,249,1.32,0.0,00:08.52,37,00:46:11,00:57:49,"1,097","1,165"
Running,2021-09-03 17:56:53,3.01,322,00:20:20,162,174,175,181,6:46,6:21,89,85,1.36,0.0,00:02.38,4,00:20:19,00:20:20,"1,104","1,153"
Running,2021-09-01 07:25:00,4.01,426,00:27:25,160,170,181,189,6:50,5:49,177,167,1.3,0.0,00:04.32,5,00:27:18,00:27:25,"1,104","1,156"
Running,2021-08-31 10:09:14,7.01,777,00:50:13,165,179,175,214,7:10,4:25,558,528,1.29,0.0,00:18.37,31,00:50:00,01:09:25,"1,093","1,184"
Running,2021-08-30 11:17:55,5.01,540,00:33:58,166,184,177,185,6:47,5:56,220,200,1.34,0.0,00:02.52,6,00:33:55,00:33:58,"1,107","1,176"
Running,2021-08-28 10:17:52,5.01,560,00:36:20,164,182,176,214,7:15,4:19,220,187,1.26,0.0,00:28.97,16,00:36:07,00:36:54,"1,104","1,181"
Running,2021-08-27 06:40:36,9.01,996,01:07:22,159,180,177,185,7:29,6:10,735,741,1.21,0.0,00:03.98,10,00:00:00,01:09:33,"1,132","1,213"
Running,2021-08-26 09:30:04,4.01,442,00:28:02,166,183,177,185,7:00,6:22,118,151,1.3,0.0,00:01.49,5,00:27:56,00:28:02,"1,085","1,147"
Running,2021-08-24 09:27:23,5.56,645,00:41:26,163,176,176,183,7:27,6:24,249,272,1.23,0.0,04:16.77,6,00:41:14,01:09:21,"1,082","1,150"
Running,2021-08-23 06:41:31,5.01,541,00:34:24,166,180,179,188,6:52,5:56,259,240,1.31,0.0,00:03.12,6,00:34:23,00:34:24,"1,112","1,174"
Running,2021-08-21 08:55:01,7.01,810,00:51:20,166,193,178,189,7:20,5:42,584,666,1.23,0.0,00:05.59,8,00:51:16,00:51:20,573,699
Running,2021-08-20 11:31:22,3.01,320,00:20:50,163,176,172,181,6:56,5:52,69,72,1.35,0.0,00:02.70,4,00:20:49,00:20:50,"1,119","1,167"
Running,2021-08-18 08:53:02,3.01,333,00:20:52,168,179,175,185,6:56,5:35,151,164,1.32,0.0,00:02.62,4,00:20:45,00:20:52,"1,098","1,157"
Running,2021-08-17 10:43:52,6.01,667,00:43:24,166,181,171,217,7:14,4:02,308,249,1.31,0.0,00:01.09,28,00:43:13,00:55:51,"1,110","1,177"
Running,2021-08-17 10:35:31,0.09,6,00:00:40.2,120,138,152,177,7:24,6:53,--,--,1.43,0.0,00:40.22,1,00:00:35,00:00:40.2,"1,151","1,155"
Running,2021-08-16 06:14:13,4.01,432,00:27:26,167,182,174,186,6:50,5:54,203,190,1.35,0.0,00:04.24,5,00:27:17,00:27:26,"1,110","1,160"
Running,2021-08-14 15:19:43,5.01,566,00:35:31,172,182,167,217,7:05,4:01,148,233,1.37,0.0,00:13.51,23,00:35:25,00:35:31,"1,091","1,154"
Running,2021-08-13 07:41:51,4.01,444,00:28:06,167,180,175,184,7:01,5:53,207,213,1.31,0.0,00:02.79,5,00:28:05,00:28:06,619,695
Running,2021-08-11 08:10:00,4.01,449,00:28:26,168,190,170,235,7:06,3:17,194,187,1.33,0.0,00:01.95,5,00:28:21,00:36:10,698,767
Running,2021-08-10 07:23:46,4.01,470,00:29:21,168,183,171,183,7:20,6:02,138,141,1.29,0.0,00:02.14,5,00:29:14,00:29:21,704,767
Running,2021-08-09 16:17:10,3.01,337,00:20:14,173,194,172,183,6:44,5:42,79,105,1.39,0.0,00:01.75,4,00:20:09,00:20:14,704,764
Running,2021-08-07 05:56:37,4.01,435,00:25:22,177,193,179,193,6:20,5:19,174,190,1.42,0.0,00:01.91,5,00:25:21,00:34:10,325,418
Running,2021-08-01 20:34:05,0.73,67,00:04:18.8,162,176,173,181,5:55,5:16,23,20,1.57,0.0,04:18.83,1,00:04:18.8,00:04:18.8,738,768
Running,2021-07-27 17:01:51,2.37,256,00:17:11,158,195,163,220,7:15,4:05,36,89,1.36,0.0,03:13.54,3,00:16:57,00:47:45,704,764
Breathwork,2021-07-25 17:45:10,--,--,00:15:38,75,89,--,--,--,--,--,--,0.0,0.0,00:03.00,253,00:00:00,00:15:38,--,--
Running,2021-07-25 16:38:21,3.12,403,00:25:57,157,173,167,214,8:18,4:20,89,108,1.16,0.0,00:42.27,4,00:25:56,00:25:57,694,768
Running,2021-07-24 16:00:33,3.15,353,00:20:43,170,193,175,233,6:34,5:05,98,105,1.4,0.0,00:49.11,4,00:20:43,00:20:45,709,768
Running,2021-07-23 17:16:31,3.35,334,00:19:46,171,188,178,236,5:54,4:29,56,164,1.53,0.0,02:19.19,4,00:19:41,00:46:54,709,775
Running,2021-07-22 16:19:01,1.58,141,00:08:41.8,167,193,182,238,5:31,5:02,52,56,1.6,0.0,03:17.07,2,00:08:41,00:08:41.8,711,770
Running,2021-07-17 18:02:56,10.34,"1,212",01:34:05,147,183,160,175,9:06,6:17,499,528,1.1,0.0,05:32.31,11,01:32:34,01:35:08,606,805
Running,2021-07-16 19:10:25,4.01,532,00:33:38,158,183,158,193,8:23,4:55,200,207,1.21,0.0,00:09.37,8,00:32:52,00:33:38,679,788
Running,2021-07-16 09:02:39,3.03,356,00:21:05,168,189,173,183,6:58,4:55,112,118,1.34,0.0,00:00.100,5,00:21:00,00:21:05,467,532
Running,2021-07-15 18:26:31,3.01,339,00:19:46,170,189,178,188,6:34,4:45,135,115,1.38,0.0,00:02.62,4,00:19:45,00:19:46,469,533
Running,2021-07-14 16:24:13,1.44,163,00:09:26.2,170,185,174,193,6:33,4:45,49,276,1.41,0.0,02:43.53,2,00:09:18.5,00:09:26.2,424,703
Walking,2021-07-09 17:03:23,2.03,277,00:43:54,95,125,94,228,21:36,1:39,112,43,0.79,0.0,00:03.80,3,00:37:50,00:43:54,459,535
Running,2021-07-09 15:12:44,1.42,166,00:09:47.2,168,184,177,188,6:53,4:56,52,56,1.32,0.0,02:52.99,2,00:09:47.0,00:09:47.2,642,702
Running,2021-07-08 18:43:05,1.46,158,00:09:17.1,168,182,177,196,6:21,4:29,46,56,1.43,0.0,02:53.60,2,00:09:16.6,00:09:17.1,654,715
Running,2021-07-06 17:16:17,2.96,360,00:20:42,172,190,174,190,7:00,4:46,112,98,1.32,0.0,06:45.69,3,00:20:42,00:20:42,667,728
Running,2021-06-28 17:25:10,1.55,160,00:09:46.7,162,176,172,190,6:18,4:32,49,52,1.49,0.0,03:50.49,2,00:09:46.5,00:10:12,708,768
Running,2021-06-26 08:45:00,1.57,166,00:09:51.7,167,187,177,244,6:16,4:37,49,200,1.45,0.0,03:36.89,2,00:09:49,00:09:51.7,656,857
Running,2021-06-25 11:35:40,1.38,133,00:08:01.9,167,179,173,202,5:50,4:18,367,131,1.59,0.0,02:30.90,2,00:07:52.9,00:08:01.9,554,878
Running,2021-06-22 17:03:34,1.99,214,00:12:37,169,185,171,207,6:20,4:32,46,213,1.48,0.0,06:03.84,2,00:12:26,00:12:37,713,888
Running,2021-06-22 16:41:59,0.87,74,00:04:43.3,162,179,177,193,5:25,4:50,167,16,1.68,0.0,04:43.29,1,00:04:42,00:04:43.3,749,906
Running,2021-06-20 17:27:25,0.66,61,00:03:41.9,165,180,175,197,5:37,4:44,16,16,1.64,0.0,03:41.94,1,00:03:36,00:03:41.9,741,759
Running,2021-06-20 17:20:48,0.64,84,00:05:54.7,145,157,158,177,9:11,5:22,98,20,1.11,0.0,05:54.70,1,00:05:49,00:05:54.7,679,781
Running,2021-06-19 16:27:38,1.34,126,00:07:45.0,169,184,174,204,5:48,4:10,66,56,1.59,0.0,01:48.10,2,00:07:36,00:07:45.0,669,699
Running,2021-06-19 16:14:25,1.32,162,00:12:30,141,163,146,181,9:29,1:07,36,135,1.16,0.0,03:39.71,2,00:12:02,00:12:30,663,769
Running,2021-06-18 16:22:00,2.02,197,00:12:26,167,180,172,183,6:09,5:03,56,92,1.52,0.0,00:12.61,3,00:12:18,00:12:26,688,745
Running,2021-06-16 17:20:37,1.28,123,00:08:05.3,160,179,178,217,6:20,3:38,49,59,1.43,0.0,01:29.37,2,00:07:57,00:08:05.3,795,822
Running,2021-06-15 15:36:56,0.09,7,00:00:43.6,128,146,141,173,8:10,6:20,364,--,1.4,0.0,00:43.56,1,00:00:43,00:00:43.6,-94,808
Running,2021-06-15 15:16:07,1.75,190,00:15:53,141,167,144,181,9:04,5:56,79,899,1.21,0.0,06:57.56,2,00:15:44,00:15:53,-105,729
Running,2021-06-14 16:37:49,2.65,291,00:19:26,158,171,169,183,7:20,5:30,79,92,1.3,0.0,04:34.77,3,00:19:18,00:19:26,722,752
Running,2021-06-13 16:23:27,4.00,440,00:26:48,174,196,171,193,6:42,5:10,121,125,1.42,0.0,00:02.53,5,00:26:45,00:28:13,728,769
Running,2021-06-09 16:29:17,0.16,7,00:00:43.1,130,162,165,207,4:35,4:14,7,--,2.13,0.0,00:43.10,1,00:00:37,00:00:43.1,745,755
Running,2021-06-09 16:23:24,0.39,18,00:01:56.1,118,147,171,202,4:54,4:03,102,7,1.92,0.0,01:56.10,1,00:01:50,00:05:32.9,627,734
Running,2021-06-08 16:29:36,0.44,26,00:02:07.8,143,176,179,204,4:52,3:25,10,197,1.84,0.0,02:07.80,1,00:02:07.8,00:02:07.8,667,871
Running,2021-06-07 16:49:51,1.01,82,00:05:26.6,165,180,180,193,5:24,4:14,161,49,1.65,0.0,00:01.65,2,00:05:17.7,00:05:26.6,769,900
Running,2021-06-05 17:19:08,3.74,400,00:23:26,180,193,176,189,6:16,4:42,184,131,1.46,0.0,04:34.50,4,00:23:18,00:23:26,752,813
Running,2021-06-05 17:13:52,0.20,16,00:01:18.3,139,164,166,193,6:25,4:39,7,--,1.51,0.0,01:18.33,1,00:01:11,00:01:18.3,671,686
Running,2021-06-04 09:27:36,1.01,89,00:05:44.7,169,183,180,191,5:42,4:50,36,167,1.57,0.0,00:01.75,2,00:05:44.7,00:05:44.7,711,852
Running,2021-06-03 16:25:15,3.99,438,00:25:37,179,190,176,186,6:25,4:53,249,131,1.43,0.0,06:09.79,4,00:25:28,00:25:37,728,864
Running,2021-06-01 17:47:54,2.42,265,00:16:28,170,182,177,196,6:48,4:46,79,79,1.34,0.0,02:52.09,3,00:16:12,00:16:28,710,738
Running,2021-06-01 08:30:14,0.68,69,00:04:39.6,160,177,173,191,6:53,5:00,30,23,1.36,0.0,04:39.58,1,00:04:25,00:04:39.6,718,738
Running,2021-05-31 17:37:49,1.81,205,00:12:32,172,191,175,185,6:56,5:50,49,49,1.33,0.0,05:27.46,2,00:12:16,00:13:32,965,991
Running,2021-05-22 17:28:34,2.00,227,00:13:58,170,181,172,188,6:59,5:44,105,72,1.34,0.0,00:00.71,3,00:13:45,00:13:58,757,806
Running,2021-05-21 17:52:00,0.67,62,00:03:55.2,170,183,174,187,5:52,5:34,23,23,1.57,0.0,03:55.25,1,00:03:50,00:03:55.2,741,764
Running,2021-05-21 17:40:09,1.11,123,00:08:02.3,166,183,162,187,7:15,5:10,36,79,1.35,0.0,00:07.39,3,00:07:54.6,00:08:02.3,773,833
Running,2021-05-21 08:27:49,2.81,343,00:25:31,159,191,126,232,9:05,4:51,210,92,1.39,0.0,00:02.02,4,00:19:29,00:25:31,730,871
Running,2021-05-20 18:06:22,1.47,155,00:10:03,167,185,158,181,6:51,4:49,43,43,1.49,0.0,00:00.34,7,00:09:21.2,00:10:03,738,766
